feature,importance
Weight,0.3499660279624676
Height,0.10108502774119829
Age,0.0925544280514732
FCVC,0.08590210568311289
Gender,0.060085482397543494
NCP,0.05038166496474321
TUE,0.04505313384062438
FAF,0.04155673668402347
CH2O,0.04069842613501263
CAEC,0.03130782932195242
family_history,0.02998486104586865
CALC,0.02815727926220765
MTRANS,0.02001431442857691
FAVC,0.01643400762290779
SCC,0.005029119734245915
SMOKE,0.0017895551240414932
